CBN," NNPC To Take Care Of Nigerians Evacuees. Minister of Foreign Affairs- Geoffrey Onyeama. 
#MercyEke #COVID19 #mondaythoughts #williamruto #williamruto #coronaviruskenya #Covid_19 #kindlyfollow @splashtv19 https://t.co/l1txT2PoqJ"
It‚Äôs the same with the #COVID19 pandemic and the #ClimateCrisis: @realDonaldTrump is in denial and NC families pay the price. #ncpol #lcvvf 4/ https://t.co/tQeYekpjqi
Members of the Partnership are helping fight #COVID19 here in Houston and around the country in many different ways. Learn about some of our member companies who are making a difference. https://t.co/uY2hECyyJk
@kathymahar It's been noted there are now 100's of cases like a 5 year old who had been through #Covid19 then two weeks later is back in ICU with this .
Congratulations to @CSRI Black Mambas virtual arriving first at @MLWTrust in Blantyre, #Malawi! Over 160 #LSTM staff members raised already over ¬£12,000 in support of our #COVID19 Response &amp; Resilience Fund. More info here: https://t.co/HopYqdHKed #LSTMResponds https://t.co/LMpxdY6NYH
Shout out to @JohnsHopkinsSPH! Thanks to @drJoshS and @C_R_Watson for an incredible presentation at #AAMvirtual #AAMsmj #COVID19 https://t.co/LiRwvYq560
Does inclusion matter in a crisis? YES. #COVID19 https://t.co/fTlUmrxq8L
@JuliaHB1 Seems Mr Waugh being truthfully economic(?) Yes @NicolaSturgeon runs Scotland," (badly it's said) BUT avoids ALL questions on issues incl #COVID19 &amp; #COVID19 at @Nike Conf etc PLUS
W/o any oil income if @BorisJohnson says no to handouts Then Scotland &amp; ""pet projects"" are broke"
@leicspolice why isn‚Äôt it, during the current crisis, against the law for people to have bonfires?! Nothing like wanting to sit out in your garden on a nice evening! #COVID19
Is #COVID19 a practice round for how we as a planet will respond to the increasing threat of #climatechange? If so, we may fail the test if we don't make some urgent changes. Read more here: https://t.co/cPXgzllgsC
"@DiamondplazaCal --&gt; False ‚ùé

#diamondplaza  #covid19 #COVID19Pandemic  #quiz @DiamondplazaCal

@Raghavendra0703 
@sengodan4 
@sd12dec 
@prashpatel_
@gopalsanthosh0 
@Sagar2612 
@FLYINMINI 
@LinaKJ2019 
@SapnaChawla84"
Join our Mercer experts on May 19 as they discuss how the workforce and workplace are being reshaped by the #COVID19 crisis ‚Äì and beyond. #career #HR https://t.co/dvsMw8tMRt https://t.co/ymP6cjBn03
What if #Illinois is only closed so @JBPritzker can scare the public more and increase the testing the #pathgroup sells? #COVIDIDIOTS #COVID19 #pritzkers #Covid_19 #COVID #coronavirus https://t.co/YGap280Kuo
"What do past case studies from the Global Delivery Initiative (GDI) tell us about tackling delivery challenges in an #epidemic and creating resilient #HealthSystems beyond #COVID19?

https://t.co/gaXR6NWfm3 #coronavirus https://t.co/XsCeMfLSW3"
As of 11 a.m. May 18, here's where #SRQCounty #COVID19 cases have been detected in the county. The map shows the ‚Äúheat‚Äù or activity for the last 14 days, and the numbers in the legend are accumulative of all cases. Find more info at the DOH dashboard https://t.co/f27av5qGlB. https://t.co/ZV3MnuZjwf
"""We're expecting up to 1",000 microfulfillment centers in the U.S. over the next five years for grocery alone,""" said Steve Hornyak from Fabric. Great story from @SPGMarketIntel 's @KatieArcieri on the fast-evolving grocery space in light of #covid19. https://t.co/8f3nEy3tw5 https://t.co/uE0k2mwDJq"
These surprisingly relevant vintage ads show how officials tried to convince people to wear masks after many refused during the 1918 flu pandemic, via @businessinsider: https://t.co/iDjHrKG4qU  | #COVID19 #Marketing
"Richard Charkin on Publishing‚Äôs COVID-19 Challenges: Open Up New Channels Now | @rcharkin https://t.co/QK5Ji0Bcvp | ""It‚Äôs dispiriting to read articles in the general media describing how the book trade might emerge from this crisis."" #coronavirus #COVID19 https://t.co/OpP3jGiSqu"
"StartUp Health company @ride_health's NYC transportation network includes vetted providers who adhere to CDC guidelines to minimize risk of #COVID19.
https://t.co/3ax0pFQqOP"
Thread on the work @LPostCollective is doing to connect and support small newsrooms in the US reporting on #covid19: https://t.co/U2KR5ObW5m
Patients seeking abortion care since #COVID19 began faced new challenges, above and beyond the hurdles already in place https://t.co/WOHcA6wo2A @businessinsider
#Wisconsin business owners need the latest information to shore up and shape the future. We're here to help with resources and no-cost consulting you can trust. https://t.co/5CQrZ36OwX #SBDC #COVID19 #witrep #smallbiz @WEDCNews @SBA_Wisconsin @UWSystem https://t.co/G2CxwyshFW
To stop the spread of the COVID-19 infection," let's encourage any employees who are able to work remotely to work from home.
0. WORK FROM HOME WHENEVER POSSIBLE.

#hashlabs #covid19 #digitalmarketing #remoteagainstcoronavirus #coronavirustips #WFH https://t.co/ft6KDYOmnS"
"https://t.co/C2U9u8GErv

Stay safe =)

#COVID19 #StopTheSpread #FlattenTheCurve https://t.co/i41QxMHIEd"
"https://t.co/1u6aPm8J1e
Mygroundbiz Account. Mygroundbiz is an online portal in association with the Fedex where the users can login to see latest news and information about all the vendors", billing. #mygroundbiz #coronavirus #covid19 #covid #corona https://t.co/cEAKRXDiCr
Caring for a loved one is second nature for many of us because of our culture," but self care often goes by the wayside. Join us tomorrow to learn more about how to care for yourself and others during the era of #COVID19.

 For more information visit üëâ https://t.co/LjErCcmuQw https://t.co/S5F8FZ0Jad"
Our Clinical Accelerator team and @IQVIA_global published a new paper in @NatRevDrugDisc reveal #COVID19 has resulted in the prioritization of patient care, cancer therapy type, and route of administration among clinical trial enrollment considerations. https://t.co/l0bbuSDue9 https://t.co/r16ueh3SbL
"A simple note of support means the world to our heroes serving on the frontlines of #COVID19. 

Be #HereForOurHeroes and write a note using the link below! We'll print and send it along with a care package from @OpGratitude to heroes on the frontlines. üá∫üá∏ https://t.co/pmk2uGTqjf"
"""#Dillards tried to differentiate itself by being a brick-and-mortar destination"," but now that possibility doesn‚Äôt exist""
- @venkyshankar #TAMURetail @maysbusiness 
#retail #COVID19 #mall #economy #marketing #TAMU https://t.co/3tQigYXgLK"
Trump‚Äôs latest tweet about coronavirus testing is like a greatest hits of his favorite lies https://t.co/9vtkCgzdeN via @flipboard  #pandemic #Trump #Fauci #Biden #Cuomo #leadership #economy #hoax #science #facts #truth #trust #covid19
"I used to be afraid of flying until my dad told me I was in more danger of dying in a car accident on the way to the airport statistically. 

I used to be afraid of #Covid19 until Dr. Phil told me I was more in danger of a #swimming #pool or traffic related #death. #coronavirus"
"How to fight COVID-19 ""caution fatigue",""" according to a psychologist https://t.co/RF3j9rUG7M #CautionFatigue #COVID19 #PhysicalDistancing"
#HIV science and advocacy inform every step in the search for a #COVID19 Vaccine. See why in AVAC‚Äôs 5Ps to Watch #HVAD2020 https://t.co/VUBiwf3b9v @UNAIDS @HelpEndHIV @HIVptn https://t.co/qcRaPCc40B
"Stay up-to-date with Indiana #COVID19 news with our daily newsletter. Sign up here

https://t.co/IWPo86xz2j https://t.co/dOdJ8yGU7D"
#WATCH üéæ Tennis is one of the sports allowed to reopen for play on a restricted basis," as Ireland eases its COVID-19 lockdown

@SineadKissane reports‚§µÔ∏è

#VMNews | #COVID19 | #Phase1 https://t.co/ZLq8l6gaGc"
Prioritizing your #mentalhealth is crucial. We're sharing ways you can take care of yourself during this time with this video. @ZignalLabs @PublicGoodProj #COVID19 #Comms4Good https://t.co/u2MVnEKhcm
While #COVID19 is raging in Thailand, its king is holed up in a luxury hotel in Germany ‚Äî with an entourage of palace consorts. https://t.co/DjwK5traVw
Science that our @GovMLG loves so much is showing that all of the draconian lock down measures needn't have happened.  Time to open things up and get back to life. #covid19 #reopennm #openthestates https://t.co/Jv391vfRh5
"""The most important tool we employ is frequent and transparent #communication. That may sound obvious", but here‚Äôs why it‚Äôs particularly important for us," and why it may be critical for other businesses as well."" - @Safoian", CEO," SADA

https://t.co/uP8lQMmRMd #covid19 #leadership"
Nationwide, more than half the COVID-19 tests of detained immigrants have come back positive. But 95 percent of those detained have yet to be tested at all...https://t.co/MiFHZ2tskS #immigrantrights #COVID19 #FreeThemAll
Moderna‚Äôs 45 trial volunteers were placed in three groups of 15 people to evaluate low, medium, and high microgram doses of the #vaccine. 8 patients from the low and medium dose groups were able to generate antibodies similar to those in people who‚Äôve recovered from #COVID19 https://t.co/KV2ZSuz70w
"""@UofSC to cancel fall break"," transition to remote learning after Thanksgiving""  https://t.co/qwivA3b0YO ""it will transition to remote learning because it is predicting a spike in #COVID19 cases in December."" #HigherEd"
"discover END PLAY WINNING BLACKJACK...tried tested and true 
updated tutorial due to  #COVID19 
take your precautions and STEP UP...

#VictoriaDay  #mondaythoughts  #games  #UFCJAX  #game  #GAMBLINGTWITTER  #tourism  #trading  #FoxNews  #MAGA  #CNN #LasVegas  #casino  #DraftKings"
"Talking to Your Kids About COVID19 (feat. Kristin Canavera from St. Jude) S3E21 

If you're a parent who's trying to discuss COVID19 with your ...

@StJudeResearch

https://t.co/sQCIDHnKNg
 
#Autism #Parenting #SpecialNeeds #Family podcast #COVID19"
"Dr. @DrDenaGrayson
¬∑
33m

BREAKING: early data from Moderna‚Äôs #coronavirus vaccine study shows that 8 of 8 participants‚Äîin whom antibodies were measured‚Äîdeveloped neutralizing antibodies at levels reaching or exceeding levels seen in those who naturally recovered from #COVID19. https://t.co/QZii3SKz3j"
I love this piece, by writer Jane Brox, as she reflects on the shifting of the meaning of solitude during a pandemic. How I‚Äôm good times solitude is almaot magical," but now solid tide is looming and has no end. Its a good read for all. 

@NewYorker #JaneBrox #solitude #COVID19 https://t.co/Pbgh0hLGUg"
Just got great news from 4 family members who got #COVID19 a few weeks ago, 1 w/severe symptoms (65 yo husband); 1 w/mild symptoms (63 yo wife); 2 with NO symptoms (40 yo daughter &amp; 18 yo granddaughter). They have niw all tested positive for antibodies!! üôèüèΩ
#Negative #COVID19 yes!!! Although cause of loss of appetite still unknown, this is great news! https://t.co/c8WsA69p8i
Trump is such a poor person. Vindictive and hateful.  #covid19
7/ the challenge India faces with its #COVID19 response is the #AmphanCyclone. This #SuperCyclone ," with wind speeds more than 220kmph is expected to make landfall on 20th May.
 https://t.co/MiLZ5xpvSk https://t.co/5uhWnt5LON"
Out of the 6 positive cases detected late night, 5 #COVID19 patients have been evacuated and admitted to MMCH.
Hope everyone is staying safe (and sane) during #COVID19
I had the pleasure of sitting in and watching this wonderful conversation moderated by @SimmonsUniv prof and @SportsxGlobe director @ortega_st looking at the intersection of sports and the #COVID19 pandemic. Look closely and you might see some athletes you recognize. https://t.co/UH8I8DuWet
As of today, the total number of confirmed #COVID19 cases in South Africa is 16 433, the total number of deaths is 286 and recoveries have risen to 7298. https://t.co/wlG3hKSDpc
"Contact tracing after the #NikeConference outbreak of #Covid19 failed to identify:

1. Nike shared lift at Glasgow site.
2. Unnamed kilt hire firm
3. Lloyds Bank staff who shared catering &amp; facilities at @HiltonHotels #Carlton 

@NicolaSturgeon - stop lying!"
At the World Health Assembly today," the head of China's National Health Commission üá®üá≥ Ma Xiaowei called for coherence and unity to support @WHO's #COVID19 response. üåç

Xiaowei also urged countries to  ‚Äúoppose rumors"," stigmatization and discrimination."" #WHA73 https://t.co/FOmu8FK7n6"
3 pictures in all of the dms. #Royal #Caribbean #Royal_Caribbean #MichaelBayley #Michael_Bayley #Michael #Bayley #GREEDSHIP #COVID19 #COVID #coronavirus #Heartless #Customer_Service #Worst_Customer_Service #No_Loyalty #Shipwrecked #Cruise #Travel #RoyalSucks #WeAreCruise #Tools
AIIMS," Raipur devises a new test of RT-PCR for #Covid19 that can give confirmed results in just 1 Hr 45 minutes. The test costs around Rs 500 per test and 94 samples can be tested at a time.
@aiims_rpr
@COVIDNewsByMIB 
@CovidIndiaSeva 
@drharshvardhan 
@MoHFW_INDIA 
@TS_SinghDeo https://t.co/LadmkXwQPX"
A member of the Italian Army, wearing protective overall and mask, sprays sanitizer at the Church Sacro Cuore di Ges√π a Castro Pretorio on May 18, 2020 , during the country's lockdown aimed at curbing the spread of the infection caused by #COVID19. https://t.co/vFLZFlXu0h
Just when you thought it was time to work towards normal, you're reminded that there will be repercussions from this, bigger than we could fathom. Prayers for these players, the staff and their families, who did nothing to deserve this. #StayStrong #COVID19 https://t.co/4hQkh2OfIQ
Hard to take seriously coming from you and other Republicans, who resolutely refuse to learn even a single damn thing from Taiwan's admirable response to #COVID19 https://t.co/hq3C9HDvNr
A cabinet meeting held virtually on Monday, May 18," maintained many of the measures in place to contain #COVID19.

Highlights:¬†

-Curfew time now starts at 9pm to 5am

-Taxi-motos to resume ferrying passengers on June 1st.

-Civil weddings allowed but restricted to 15 people. https://t.co/2AxIR25Vu1"
"‚ÄúTo buy time we need to make containment the imperative and it‚Äôs urgent that we need to get on top of this.‚Äù

‚ÄúTo do that we need to put in place robust surveillance", a ‚Äútest, trace, isolate,"‚Äù 

Thoughtful #COVID19 advice @devisridhar https://t.co/qQ2oD61mKX"
Is it possible that a pandemic could bring about some good? @ucirvine philosopher Aaron James thinks so and shared with @CBSLA how from cleaner air to increased work flexibility," #COVID19 is changing some things for the better.

Watch here:
https://t.co/JnQmIWRfjM"
The end is near üòê #COVID19 #coronavirus #India https://t.co/7afxFHGLQr
Ondo State¬†Governor, Oluwarotimi Akeredolu," says the state may soon have its own cure for COVID-19.

READ MORE: https://t.co/wRwIV2u07j #COVID19 #Covid19SurvivorSurvey https://t.co/XHM1AOMcAl"
I would like to apologize to all of the retail clerks, store managers, and customer service reps who have been given a hard time by impatient idiots like me.  I truly am #sorry," &amp; I will #DoBetter.

#FrontLineHeroes #retail #COVID19 #coronavirus #lockdown #apology"
"#CountryDuty #StayHomeSA 

#Covid19SA 

Stats announced by the Minister of Health on #covid19 as at 18-05-2020

16443+ cases 

Deaths 286

Recoveries 7298 https://t.co/0SlambTSe8"
"Please join us Tuesday 19 May 2020 for another @TheIACH special webinar dedicated to #COVID19 and hematology. @SanRaffaeleMI @AnnalisaRugger1 @YordaYou @SFAR_ORG @ReaUCA_Pitie @ClubCardioRespi @AIHemato @young_eha @TheEBMT_Nurses @TheEBMT @SNJeunesAR 
https://t.co/mldorzHt1Y https://t.co/BjZ7UI23KD"
#Zimbabwe #COVID19 screening at Howard Mission Hospital in Chiweshe. The hospital is not taking any chances," visitors to the hospital has to go through this mandatory screening process where their temperature is checked.
#coronavirus https://t.co/qXtyEd8T5B"
#Trump says he's been treated very unfairly by Inspector Generals. Claims previous administrations have fired more IGs then he has. #COVID19 #coronavirus #FoxNation #TrumpPressConf #TrumpPressConference #Maddow #BBC
ICYMI: Manufacturing is starting to reopen. Here is how some ICML members were affected by recent #covid19 restrictions. https://t.co/FZaiba9i3H #economy https://t.co/Y4D9TP9cla
Some MN businesses were able to reopen this morning, including @RiverHillsMall &amp; @GraifClothing. #COVID19 https://t.co/3gWrSmlkRj
Summer 2020 slowly loading, hmmm," with this pandemic I wonder how it's gonna be ü§îü§∑üèæ‚Äç‚ôÇÔ∏èü§î
#summeriscoming #covid19 #joelegacy https://t.co/Wrqi6hlSjQ"
COVID-ALERT: Coronavirus and the Paradox of Essential Work - Global Pandemic News | #Coronavirus #COVID19 - https://t.co/3nNGEEZTvf https://t.co/amwvVSZCny
"üì£BREAKING: As WNY reopens local blood supply is once again threatened #COVID19 #DonateBlood #SaveLives

Details: https://t.co/V2Z0J9PiX4

@WGRZ @WKBW @TheBuffaloNews @SPECNewsBuffalo 
@news4buffalo @ECDOH @markpoloncarz @MayorByronBrown https://t.co/FdfBABGOCA"
Temperature checks are considered a first line of defense with #COVID19, but they don't tell the whole story, especially in the Arizona heat. Dr. Frank LoVecchio explains in this story on @azfamily. https://t.co/0i46pes8j2
It's a bunch of BS - based on a press release issued just prior to the market opening," designed for exactly this. How unbelievably Pavlovian. #COVID19 #TrumpDepression #TrumpHasNoPlan 

 https://t.co/47St6XhI0y"
Today I shaved off my beard to raise funds for @stjohnambulance. #ShaveForStJohn #MySJADay #COVID19 https://t.co/2bT81tCQWR
Scenes from the first #Unplugged after #COVID19 subsides around end of next year will be crazy. Kune anobvako achitorwara bedzi
Newsom eases #California reopening rules, allowing more counties to restart #economy | https://t.co/BvPRK8P25r #COVID19
Youth who age out of #FosterCare depend on federal Chafee funds as a vital lifeline. Chafee funding was already stretched thin prior to the crisis, but this lifeline has never been more important to help young people survive the #COVID19 crisis. #UPChafee https://t.co/AloGYFsikG
Today‚Äôs #COVID19 Press Conference is scheduled for 5:45PM. To watch live, visit @BdaGovernment Facebook, CITV or listen in via Emergency Broadcast Station 100.1 FM.
.000055% (7 people) of the population in my county (126,"000) has the Chinese virus. Zero have died. 

What the hell is going on?
#hoax #COVID19 #FauciTheFraud #CDC"
Absolutely disappointed with the customer service from @NissanUSA consumer affairs. They should be more empathetic to their customers," especially with the #covid19 situation.
 @NissanUSA  please DM! I know your company is amazing."
Stealing this one @JackLawrenceXXX ....  a lot of dumb driving going on during #COVID19 period https://t.co/kddNztoxBp
"Just before I post the 4 ingredients for Evin @FreckledPast

Can I please thank all of the 8 chefs for helping me out. #COVID19 is difficult for everyone BUT thanks to you....

You‚Äôve given me focus", a purpose, joy and happiness. üíô https://t.co/zKS60BXI4o
"#CoronavirusIndia 
Haryana - Total cases in #Faridabad reach 150. 3 new cases reported today. Active cases reach 67.
#coronavirus #COVID19"
https://t.co/7BoWwUHJ6S #COVID19 ‚ú≥Ô∏è causes a #HyperCoagulability #Stateü©∏detectable by Presence of  Elevated Levels of #DDimer #Proteins, #Thrombin &amp; #Fibrinogen üß™ üî¨ that can cause #DVTs &amp; #BloodClots (#Thrombus) ü©∏ to form in #Vessels, #Veins of #Heart ü´Ä #Brain üß† &amp; #Lungs ü´Å
This is all the places and effects that #COVID19 has on the human body. From head to literal toe https://t.co/2Hq4bfEQgW
"CA is taking action to make sure older Californians do not go without.

Great Plates Delivered is a first-in-the-nation program that will ensure older Californians have access to nutritious meals &amp; support restaurants during #COVID19.
https://t.co/QdznqNtiJT"
No president has gotten rid of as many people as you have trump  #covid19
KUDOS to all the educators out there! Had a fun interview joining a 2nd grade class for 'virtual' learning. WOW - now THAT'S having patience &amp; dedication! #distancelearning #COVID19 Story Wednesday AM on @ActionNewsNow https://t.co/yDLDqRmbAE
@easyJet I have a flight booked 2nd June to Amsterdam, has it been cancelled &amp; if so when will I receive a refund? &amp; if not been cancelled, what are we supposed to do as hotel isn‚Äôt taking bookings &amp; we aren‚Äôt allowed to leave the country unless urgent #COVID19 #cancelbooking
"FINANCIAL CRIMINALS EXPLOITING COVID-19 LOCKDOWN
That's what the Financial Stability Institute of @BIS_org found and reports in its latest brief. Read more on the @WOCCU #COVID19 Resource Page.
https://t.co/NMF2DrnnTB https://t.co/B62bDAvxDo"
#Essentialworkers need #childcare to be able to go to work. However, #childcare providers are struggling to keep their doors open. Child care providers are #essentialworkers and they need supports in the #CABudget #ECECoalitionCA #CALeg #COVID19
Join @CLASP_DC &amp; co-partners on 5/19: ‚ÄúA Call to Action: Youth, Young Adults, and Allies‚Äô Community Response to #COVID19 pandemic and hear community leaders and young people from across the nation on how they're responding and what you can do to ensure youth investments!
My wife‚Äôs cousin is in this film which shows the wonderful work being done by the doctors and nurses in the #ECMO Unit, #RoyalBrompton Hospital, London. These people really are heroes. Please stay safe folks. https://t.co/fuTCVeqvk8 #COVID19
"Great news- #Tocilizumab resulted in dramatic recovery of immunocompromised patient with severe #COVID19 
üëá
Tocilizumab for Hemophagocytic Syndrome in a Kidney Transplant Recipient With COVID-19 | Annals of Internal Medicine https://t.co/lVWg3Iapos"
What Women Dying In Prison From #COVID19 Tell Us About Female #Incarceration https://t.co/aIyISHpVyZ via @MarshallProj
